City,AQItotal,PM2.5_AQI,PM10_AQI,NO2_AQI,SO2_AQI,CO_AQI,O3_AQI,Date
HaNoi,98,98,44,1,6,6,4,3/1/2025
HaNoi,64,64,50,1,6,9,6,3/2/2025
HaNoi,72,72,52,1,6,7,6,3/3/2025
HaNoi,75,75,53,1,6,7,7,3/4/2025
HaNoi,79,79,39,1,5,5,7,3/5/2025
HaNoi,64,64,25,2,5,3,9,3/6/2025
HaNoi,42,42,40,6,5,3,8,3/7/2025
HaNoi,167,167,63,10,6,8,7,3/10/2025
HaNoi,129,129,44,14,6,8,4,3/11/2025
HaNoi,69,69,38,15,6,7,5,3/12/2025
HaNoi,54,54,48,12,6,6,7,3/13/2025
HaNoi,64,64,50,9,6,7,7,3/14/2025
HaNoi,67,67,28,14,6,4,11,3/15/2025
HaNoi,37,37,30,10,6,4,4,3/16/2025
HaNoi,50,50,36,4,6,5,12,3/17/2025
HaNoi,95,95,42,1,5,4,19,3/18/2025
HaNoi,84,84,37,2,5,5,24,3/19/2025
HaNoi,83,75,83,5,6,8,27,3/20/2025
HaNoi,148,148,81,9,6,7,29,3/21/2025
HaNoi,121,121,81,9,6,7,29,3/22/2025
HaNoi,78,78,26,1,5,4,7,2/1/2025
HaNoi,68,68,15,1,5,4,9,2/2/2025
HaNoi,41,41,32,1,5,5,14,2/3/2025
HaNoi,67,67,51,1,5,8,11,2/4/2025
HaNoi,108,108,63,1,5,6,4,2/5/2025
HaNoi,127,127,11,1,5,4,6,2/6/2025
HaNoi,27,27,17,2,5,4,10,2/7/2025
HaNoi,43,38,43,1,5,4,18,2/8/2025
HaNoi,90,90,74,1,5,8,9,2/9/2025
HaNoi,156,156,91,1,5,8,15,2/10/2025
HaNoi,182,182,81,1,5,7,9,2/11/2025
HaNoi,160,160,69,1,5,8,7,2/12/2025
HaNoi,146,146,59,1,5,9,6,2/13/2025
HaNoi,133,133,48,1,5,10,6,2/14/2025
HaNoi,119,119,19,1,5,4,4,2/15/2025
HaNoi,47,47,43,1,6,6,3,2/16/2025
HaNoi,89,89,28,1,5,5,2,2/17/2025
HaNoi,53,53,46,1,5,7,2,2/18/2025
HaNoi,87,87,78,1,6,12,2,2/19/2025
HaNoi,152,152,56,1,6,7,2,2/20/2025
HaNoi,105,105,65,1,6,8,2,2/21/2025
HaNoi,134,134,36,1,5,4,4,2/22/2025
HaNoi,61,61,23,2,5,4,6,2/23/2025
HaNoi,40,40,39,2,5,6,2,2/24/2025
HaNoi,86,86,40,1,5,6,4,2/25/2025
HaNoi,87,87,73,1,6,9,4,2/26/2025
HaNoi,166,166,58,1,6,7,5,2/27/2025
HaNoi,121,121,58,1,5,7,4,2/28/2025
HaNoi,209,209,119,1,5,10,30,1/1/2025
HaNoi,217,217,94,1,6,12,27,1/2/2025
HaNoi,183,183,79,1,6,9,16,1/3/2025
HaNoi,169,169,89,1,5,10,32,1/4/2025
HaNoi,174,174,92,1,6,13,26,1/5/2025
HaNoi,183,183,99,1,6,10,14,1/6/2025
HaNoi,198,198,79,1,6,9,7,1/7/2025
HaNoi,168,168,71,1,5,7,21,1/8/2025
HaNoi,161,161,39,1,5,5,14,1/9/2025
HaNoi,99,99,49,1,5,6,15,1/10/2025
HaNoi,107,107,70,1,5,10,17,1/11/2025
HaNoi,145,145,89,1,6,10,15,1/12/2025
HaNoi,179,179,81,1,6,10,15,1/13/2025
HaNoi,168,168,83,1,5,10,20,1/14/2025
HaNoi,174,174,76,1,5,8,24,1/15/2025
HaNoi,164,164,76,1,5,8,15,1/16/2025
HaNoi,168,168,89,1,5,7,13,1/17/2025
HaNoi,179,179,100,1,5,8,19,1/18/2025
HaNoi,191,191,109,1,5,11,22,1/19/2025
HaNoi,208,208,95,1,5,12,20,1/20/2025
HaNoi,193,193,82,1,6,11,5,1/21/2025
HaNoi,172,172,59,1,6,9,5,1/22/2025
HaNoi,138,138,56,1,6,8,4,1/23/2025
HaNoi,137,137,43,1,6,7,3,1/24/2025
HaNoi,111,111,25,1,5,4,13,1/25/2025
HaNoi,60,60,34,1,5,5,21,1/26/2025
HaNoi,74,74,47,1,5,3,23,1/27/2025
HaNoi,100,100,96,1,5,5,20,1/28/2025
HaNoi,177,177,68,1,5,4,20,1/29/2025
HaNoi,142,142,35,1,5,2,11,1/30/2025
HaNoi,87,87,31,1,5,4,5,1/31/2025
HaNoi,56,56,43,1,4,6,9,10/2/2024
HaNoi,73,59,73,1,5,6,9,10/3/2024
HaNoi,127,127,74,1,5,6,9,10/4/2024
HaNoi,132,132,79,1,5,7,9,10/5/2024
HaNoi,145,145,80,1,5,7,9,10/6/2024
HaNoi,146,146,68,1,5,6,9,10/7/2024
HaNoi,126,126,76,1,5,7,9,10/8/2024
HaNoi,142,142,89,1,5,7,9,10/9/2024
HaNoi,165,165,84,1,5,9,9,10/10/2024
HaNoi,161,161,77,1,5,9,9,10/11/2024
HaNoi,146,146,69,1,5,8,9,10/12/2024
HaNoi,116,116,65,1,5,9,9,10/13/2024
HaNoi,108,108,57,1,5,7,9,10/14/2024
HaNoi,83,83,58,1,5,7,9,10/15/2024
HaNoi,89,89,64,1,5,9,9,10/16/2024
HaNoi,101,101,55,1,5,8,9,10/17/2024
HaNoi,69,69,55,1,5,8,9,10/18/2024
HaNoi,69,69,57,1,5,8,9,10/19/2024
HaNoi,78,78,59,1,5,8,9,10/20/2024
HaNoi,100,100,56,1,5,6,9,10/21/2024
HaNoi,94,94,33,1,5,4,9,10/22/2024
HaNoi,61,41,61,1,5,8,9,10/23/2024
HaNoi,94,94,76,1,5,8,9,10/24/2024
HaNoi,139,139,68,1,5,5,9,10/25/2024
HaNoi,117,117,47,1,5,3,9,10/26/2024
HaNoi,67,67,33,1,5,3,9,10/27/2024
HaNoi,43,42,43,1,5,8,9,10/28/2024
HaNoi,69,67,69,1,5,7,9,10/29/2024
HaNoi,120,120,92,1,5,13,9,10/30/2024
HaNoi,164,164,81,1,5,7,9,10/31/2024
HaNoi,133,133,68,1,5,6,9,11/1/2024
HaNoi,116,116,78,1,5,7,9,11/2/2024
HaNoi,145,145,68,1,5,6,9,11/3/2024
HaNoi,133,133,63,1,5,7,9,11/4/2024
HaNoi,119,119,70,1,5,7,9,11/5/2024
HaNoi,137,137,82,1,5,8,9,11/6/2024
HaNoi,155,155,77,1,5,8,9,11/7/2024
HaNoi,144,144,93,1,5,9,9,11/8/2024
HaNoi,167,167,90,1,5,9,9,11/9/2024
HaNoi,169,169,94,1,5,9,9,11/10/2024
HaNoi,170,170,89,1,6,11,9,11/11/2024
HaNoi,156,156,78,1,5,8,9,11/12/2024
HaNoi,139,139,79,1,6,10,9,11/13/2024
HaNoi,136,136,73,1,5,9,9,11/14/2024
HaNoi,119,119,60,1,5,7,9,11/15/2024
HaNoi,89,89,59,1,5,6,9,11/16/2024
HaNoi,89,89,71,1,6,7,9,11/17/2024
HaNoi,123,123,57,1,5,6,9,11/18/2024
HaNoi,95,95,57,1,5,7,9,11/19/2024
HaNoi,74,74,56,1,5,5,9,11/20/2024
HaNoi,85,85,61,1,5,6,9,11/21/2024
HaNoi,104,104,65,1,5,6,9,11/22/2024
HaNoi,110,110,73,1,5,7,9,11/23/2024
HaNoi,132,132,89,1,5,11,9,11/24/2024
HaNoi,164,164,55,1,5,5,9,11/25/2024
HaNoi,74,74,53,1,5,5,9,11/26/2024
HaNoi,81,81,38,1,5,3,9,11/27/2024
HaNoi,57,51,57,1,5,7,9,11/28/2024
HaNoi,92,92,83,1,5,8,9,11/29/2024
HaNoi,147,147,80,1,5,8,9,11/30/2024
HaNoi,142,142,81,1,5,8,9,12/1/2024
HaNoi,143,143,69,1,6,8,9,12/2/2024
HaNoi,100,100,68,1,5,8,9,12/3/2024
HaNoi,91,91,73,1,5,9,9,12/4/2024
HaNoi,107,107,80,1,6,10,9,12/5/2024
HaNoi,125,125,67,1,5,5,9,12/6/2024
HaNoi,119,119,32,1,5,4,9,12/7/2024
HaNoi,59,40,59,1,5,7,9,12/8/2024
HaNoi,111,108,111,1,5,12,9,12/9/2024
HaNoi,192,192,74,1,5,6,9,12/10/2024
HaNoi,122,122,42,1,5,3,9,12/11/2024
HaNoi,49,49,49,1,9,5,9,12/12/2024
HaNoi,67,67,49,1,5,4,9,12/13/2024
HaNoi,84,84,49,1,5,4,9,12/14/2024
HaNoi,110,110,61,1,5,8,9,12/15/2024
HaNoi,143,143,87,1,5,13,9,12/16/2024
HaNoi,195,195,71,1,5,9,9,12/17/2024
HaNoi,153,153,72,1,5,9,7,12/18/2024
HaNoi,156,156,73,1,5,9,15,12/19/2024
HaNoi,161,161,77,1,5,8,16,12/20/2024
HaNoi,172,172,99,1,5,9,23,12/21/2024
HaNoi,214,214,100,1,5,13,26,12/22/2024
HaNoi,192,192,93,1,5,10,21,12/23/2024
HaNoi,180,180,111,1,6,12,11,12/24/2024
HaNoi,207,207,82,1,6,8,25,12/25/2024
HaNoi,171,171,55,1,5,4,17,12/26/2024
HaNoi,128,128,50,1,5,8,20,12/27/2024
HaNoi,111,111,73,1,5,9,19,12/28/2024
HaNoi,156,156,73,1,5,9,19,12/29/2024
HaNoi,56,54,56,1,4,6,9,7/1/2024
HaNoi,72,72,55,1,4,11,9,7/2/2024
HaNoi,72,72,33,1,4,5,9,7/3/2024
HaNoi,29,29,27,1,4,3,9,7/4/2024
HaNoi,47,24,47,1,4,5,8,7/5/2024
HaNoi,50,50,32,1,4,3,10,7/6/2024
HaNoi,35,26,35,1,4,4,10,7/7/2024
HaNoi,37,29,37,1,4,5,10,7/8/2024
HaNoi,48,35,48,1,4,8,11,7/9/2024
HaNoi,55,55,53,1,4,7,9,7/10/2024
HaNoi,59,59,44,1,4,7,11,7/11/2024
HaNoi,41,41,39,1,4,5,11,7/12/2024
HaNoi,37,37,33,1,4,6,9,7/13/2024
HaNoi,36,36,34,1,4,4,9,7/14/2024
HaNoi,43,43,38,1,4,6,9,7/15/2024
HaNoi,50,50,48,1,4,6,9,7/16/2024
HaNoi,50,50,28,1,4,7,8,7/17/2024
HaNoi,44,32,44,1,4,10,9,7/18/2024
HaNoi,51,51,48,1,4,9,10,7/19/2024
HaNoi,57,57,52,1,4,6,14,7/20/2024
HaNoi,51,51,39,1,4,6,9,7/21/2024
HaNoi,55,55,27,1,4,5,9,7/22/2024
HaNoi,38,38,27,1,4,5,9,7/23/2024
HaNoi,54,44,54,1,4,8,10,7/25/2024
HaNoi,66,66,60,1,4,6,10,7/26/2024
HaNoi,82,82,36,1,4,6,8,7/27/2024
HaNoi,57,57,43,1,4,10,8,7/28/2024
HaNoi,48,48,33,1,4,8,8,7/29/2024
HaNoi,39,39,32,1,4,7,7,7/30/2024
HaNoi,44,29,44,1,4,7,7,7/31/2024
HaNoi,42,42,42,1,4,6,7,8/1/2024
HaNoi,48,32,48,1,4,8,6,8/2/2024
HaNoi,43,43,39,1,4,5,7,8/3/2024
HaNoi,49,41,49,1,4,8,8,8/4/2024
HaNoi,60,60,49,1,4,8,7,8/5/2024
HaNoi,56,56,54,1,4,8,7,8/6/2024
HaNoi,66,66,48,1,4,7,7,8/7/2024
HaNoi,54,54,40,1,4,5,7,8/8/2024
HaNoi,47,43,47,1,4,6,8,8/9/2024
HaNoi,51,51,35,1,4,5,6,8/10/2024
HaNoi,58,32,58,1,4,9,7,8/11/2024
HaNoi,77,77,41,1,4,5,8,8/12/2024
HaNoi,59,59,30,1,4,5,7,8/13/2024
HaNoi,44,41,44,1,4,6,7,8/14/2024
HaNoi,57,53,57,1,4,7,7,8/15/2024
HaNoi,87,87,66,1,4,9,8,8/16/2024
HaNoi,114,114,62,1,4,8,7,8/17/2024
HaNoi,103,103,65,1,4,9,7,8/18/2024
HaNoi,108,108,50,1,4,9,8,8/19/2024
HaNoi,66,66,39,1,4,8,8,8/20/2024
HaNoi,49,49,49,1,4,6,6,8/21/2024
HaNoi,48,48,35,1,4,9,6,8/22/2024
HaNoi,48,48,38,1,4,8,6,8/23/2024
HaNoi,53,53,32,1,4,7,7,8/24/2024
HaNoi,41,31,41,1,4,8,7,8/25/2024
HaNoi,49,47,49,1,4,9,6,8/26/2024
HaNoi,63,63,59,1,4,7,7,8/27/2024
HaNoi,85,85,61,1,4,10,7,8/28/2024
HaNoi,96,96,32,1,4,6,8,8/29/2024
HaNoi,54,35,54,1,4,9,7,8/30/2024
HaNoi,73,73,47,1,4,5,7,8/31/2024
HaNoi,74,74,44,1,4,5,7,9/1/2024
HaNoi,61,61,27,1,4,5,7,9/2/2024
HaNoi,53,36,53,1,4,6,7,9/3/2024
HaNoi,88,88,60,1,4,6,8,9/4/2024
HaNoi,94,94,43,1,4,6,7,9/5/2024
HaNoi,58,58,25,1,4,1,7,9/6/2024
HaNoi,23,23,17,1,4,3,7,9/7/2024
HaNoi,29,24,29,1,4,7,8,9/8/2024
HaNoi,28,28,21,1,4,7,7,9/9/2024
HaNoi,34,34,20,1,4,7,7,9/10/2024
HaNoi,34,34,29,1,5,6,8,9/11/2024
HaNoi,43,43,29,1,5,7,7,9/12/2024
HaNoi,40,40,29,1,4,4,9,9/13/2024
HaNoi,80,80,44,1,5,5,9,9/27/2024
HaNoi,48,48,37,1,5,5,9,9/28/2024
HaNoi,45,45,22,1,4,2,9,9/29/2024
HaNoi,26,26,20,1,4,6,9,9/30/2024
HaNoi,118,118,72,1,7,7,11,4/1/2024
HaNoi,103,103,78,1,8,8,11,4/2/2024
HaNoi,112,112,73,1,7,8,11,4/3/2024
HaNoi,100,100,59,1,8,5,11,4/4/2024
HaNoi,69,69,54,1,7,6,10,4/5/2024
HaNoi,63,63,47,1,7,8,10,4/6/2024
HaNoi,65,65,48,1,7,7,10,4/7/2024
HaNoi,56,45,56,1,7,9,6,4/8/2024
HaNoi,79,79,67,1,8,11,7,4/9/2024
HaNoi,99,99,61,1,8,9,10,4/10/2024
HaNoi,86,86,61,1,7,6,10,4/11/2024
HaNoi,72,72,54,1,7,4,10,4/12/2024
HaNoi,59,55,59,1,7,5,10,4/13/2024
HaNoi,136,136,65,1,8,7,9,4/24/2024
HaNoi,105,105,75,1,7,9,9,4/25/2024
HaNoi,114,114,76,1,8,7,9,4/26/2024
HaNoi,120,120,76,1,8,6,9,4/27/2024
HaNoi,65,65,44,1,8,6,9,5/8/2024
HaNoi,58,53,58,1,8,7,9,5/9/2024
HaNoi,78,78,49,1,8,4,9,5/10/2024
HaNoi,59,59,50,1,8,6,9,5/11/2024
HaNoi,54,54,35,1,8,5,9,5/12/2024
HaNoi,56,45,56,1,8,6,12,5/13/2024
HaNoi,82,82,50,1,8,8,10,5/14/2024
HaNoi,60,60,60,1,8,7,10,5/15/2024
HaNoi,89,89,60,1,8,6,12,5/16/2024
HaNoi,80,80,48,1,8,3,11,5/17/2024
HaNoi,48,48,45,1,8,5,12,5/18/2024
HaNoi,50,47,50,1,8,9,10,5/19/2024
HaNoi,64,62,64,1,8,8,11,5/20/2024
HaNoi,91,91,59,1,8,5,16,5/21/2024
HaNoi,89,89,63,1,8,10,11,5/22/2024
HaNoi,92,92,73,1,8,8,10,5/23/2024
HaNoi,99,99,37,1,8,6,11,5/24/2024
HaNoi,39,39,33,1,8,4,14,5/25/2024
HaNoi,54,30,54,1,8,8,13,5/26/2024
HaNoi,65,59,65,1,8,8,13,5/27/2024
HaNoi,85,85,56,1,8,6,14,5/28/2024
HaNoi,58,58,50,1,8,6,13,5/29/2024
HaNoi,47,47,39,1,8,8,10,5/30/2024
HaNoi,63,48,63,1,8,8,10,5/31/2024
HaNoi,98,98,60,1,8,6,11,6/1/2024
HaNoi,84,84,58,1,8,7,12,6/2/2024
HaNoi,76,76,56,1,8,7,12,6/3/2024
HaNoi,76,76,50,1,8,5,12,6/4/2024
HaNoi,65,65,35,1,8,7,8,6/5/2024
HaNoi,66,41,66,1,6,11,9,6/6/2024
HaNoi,94,94,54,1,4,7,6,6/7/2024
HaNoi,53,53,33,1,4,9,7,6/8/2024
HaNoi,52,40,52,1,4,9,6,6/9/2024
HaNoi,56,56,51,1,4,7,9,6/10/2024
HaNoi,55,52,55,1,4,7,11,6/11/2024
HaNoi,75,75,61,1,4,8,10,6/12/2024
HaNoi,82,82,65,1,4,9,9,6/13/2024
HaNoi,90,90,90,1,4,8,10,6/14/2024
HaNoi,163,163,68,1,4,6,10,6/15/2024
HaNoi,102,102,55,1,4,8,9,6/16/2024
HaNoi,68,68,54,1,4,8,8,6/17/2024
HaNoi,73,73,53,1,4,6,10,6/18/2024
HaNoi,61,61,57,1,4,8,10,6/19/2024
HaNoi,78,78,51,1,4,6,10,6/20/2024
HaNoi,61,61,41,1,4,4,10,6/21/2024
HaNoi,47,36,47,1,4,6,9,6/22/2024
HaNoi,55,55,35,1,4,8,9,6/23/2024
HaNoi,42,38,42,1,4,8,9,6/24/2024
HaNoi,47,47,43,1,4,8,8,6/25/2024
HaNoi,46,46,35,1,4,7,8,6/26/2024
HaNoi,37,34,37,1,4,5,8,6/27/2024
HaNoi,39,35,39,1,4,4,10,6/28/2024
HaNoi,46,36,46,1,4,5,10,6/29/2024
HaNoi,53,44,53,1,4,7,9,6/30/2024
HaNoi,140,140,65,27,24,8,13,1/1/2024
HaNoi,98,98,52,21,23,7,11,1/2/2024
HaNoi,70,70,64,31,25,10,7,1/3/2024
HaNoi,122,122,80,34,24,10,12,1/4/2024
HaNoi,152,152,66,28,24,8,14,1/5/2024
HaNoi,106,106,64,27,23,7,14,1/6/2024
HaNoi,95,95,64,23,23,7,13,1/7/2024
HaNoi,90,90,62,25,23,8,9,1/8/2024
HaNoi,82,82,55,22,23,9,6,1/9/2024
HaNoi,83,83,29,16,23,7,5,1/10/2024
HaNoi,51,51,16,15,15,7,5,1/11/2024
HaNoi,44,31,44,19,8,9,5,1/12/2024
HaNoi,82,82,62,22,8,9,7,1/13/2024
HaNoi,116,116,67,26,8,10,6,1/14/2024
HaNoi,108,108,68,31,8,10,7,1/15/2024
HaNoi,100,100,64,27,9,10,5,1/16/2024
HaNoi,112,112,60,20,8,8,10,1/17/2024
HaNoi,69,69,49,15,7,5,12,1/24/2024
HaNoi,90,90,54,14,7,4,10,1/25/2024
HaNoi,116,116,46,13,8,5,8,1/26/2024
HaNoi,112,112,40,12,8,4,11,1/27/2024
HaNoi,89,89,50,18,8,7,10,1/28/2024
HaNoi,117,117,68,24,8,10,6,1/29/2024
HaNoi,160,160,79,25,8,13,6,1/30/2024
HaNoi,175,175,84,26,8,13,6,1/31/2024
HaNoi,170,170,83,23,8,11,10,2/1/2024
HaNoi,145,145,50,18,8,6,6,2/2/2024
HaNoi,64,64,45,16,7,5,8,2/3/2024
HaNoi,60,60,49,15,7,5,7,2/4/2024
HaNoi,66,66,54,9,7,8,6,2/5/2024
HaNoi,79,79,48,1,8,6,5,2/6/2024
HaNoi,76,76,28,1, ,4,10,2/7/2024
HaNoi,59,59,34,1,7,4,17,2/8/2024
HaNoi,65,65,58,5,7,4,18,2/9/2024
HaNoi,142,142,42,9,7,5,16,2/10/2024
HaNoi,91,91,54,11,7,4,16,2/11/2024
HaNoi,113,113,43,6,7,2,13,2/12/2024
HaNoi,63,63,43,6,7,3,13,2/13/2024
HaNoi,59,59,57,7,7,7,9,2/14/2024
HaNoi,82,82,63,6,8,7,10,2/15/2024
HaNoi,118,118,54,4,8,5,11,2/16/2024
HaNoi,89,89,48,4,7,4,8,2/17/2024
HaNoi,68,68,49,4,7,6,6,2/18/2024
HaNoi,57,57,52,3,7,5,6,2/19/2024
HaNoi,75,75,56,4,7,6,7,2/20/2024
HaNoi,78,78,55,4,7,8,6,2/21/2024
HaNoi,70,70,52,3,7,7,6,2/22/2024
HaNoi,96,96,17,2,8,4,5,2/23/2024
HaNoi,38,38,22,2,8,4,5,2/24/2024
HaNoi,38,38,34,3,8,5,5,2/25/2024
HaNoi,62,62,26,3,8,4,6,2/26/2024
HaNoi,47,47,43,3,8,6,5,2/27/2024
HaNoi,86,86,29,2,8,4,9,2/28/2024
HaNoi,55,55,27,3,8,5,11,2/29/2024
HaNoi,46,46,42,3,8,6,12,3/1/2024
HaNoi,84,84,58,3,8,5,10,3/2/2024
HaNoi,127,127,70,3,8,12,7,3/3/2024
HaNoi,145,145,111,3,8,12,16,3/4/2024
HaNoi,197,197,93,2,8,9,14,3/5/2024
HaNoi,167,167,73,2,7,8,11,3/6/2024
HaNoi,131,131,86,1,8,10,7,3/7/2024
HaNoi,170,170,77,1,8,7,7,3/8/2024
HaNoi,154,154,41,1,8,6,6,3/9/2024
HaNoi,65,65,45,1,9,9,10,3/10/2024
HaNoi,78,74,78,1,8,9,10,3/11/2024
HaNoi,148,148,66,1,8,9,9,3/12/2024
HaNoi,118,118,44,1,8,9,7,3/13/2024
HaNoi,83,83,62,1,8,11,5,3/14/2024
HaNoi,109,109,58,1,8,7,9,3/15/2024
HaNoi,73,73,57,1,8,6,8,3/16/2024
HaNoi,80,80,53,1,7,8,10,3/17/2024
HaNoi,68,68,43,1,7,5,15,3/18/2024
HaNoi,65,65,58,1,8,10,8,3/19/2024
HaNoi,88,88,78,1,8,9,14,3/20/2024
HaNoi,130,130,72,1,8,8,13,3/21/2024
HaNoi,112,112,56,1,8,5,9,3/22/2024
HaNoi,76,76,54,1,7,6,11,3/23/2024
HaNoi,72,72,56,1,7,7,11,3/24/2024
HaNoi,72,72,59,1,7,6,11,3/25/2024
HaNoi,73,73,60,1,7,5,10,3/26/2024
HaNoi,93,93,63,1,7,8,11,3/27/2024
HaNoi,89,89,67,1,8,9,10,3/28/2024
HaNoi,104,104,67,1,8,8,8,3/29/2024
HaNoi,103,103,68,1,7,7,11,3/30/2024
HaNoi,109,109,77,1,7,7,11,3/31/2024
HaNoi,70,70,47,31,20,9,7,10/1/2023
HaNoi,77,77,53,31,20,8,12,10/2/2023
HaNoi,91,91,53,30,21,8,11,10/3/2023
HaNoi,90,90,50,27,20,8,9,10/4/2023
HaNoi,71,71,53,24,20,7,7,10/5/2023
HaNoi,67,67,46,19,20,6,7,10/6/2023
HaNoi,60,60,28,18,19,4,20,10/7/2023
HaNoi,41,41,39,20,19,4,20,10/8/2023
HaNoi,63,63,35,20,19,4,19,10/9/2023
HaNoi,50,50,43,22,20,5,19,10/10/2023
HaNoi,66,66,37,19,20,4,11,10/11/2023
HaNoi,57,57,49,24,20,6,15,10/12/2023
HaNoi,80,80,56,20,21,5,17,10/13/2023
HaNoi,96,96,34,17,20,4,20,10/14/2023
HaNoi,58,50,58,27,20,7,23,10/15/2023
HaNoi,107,107,68,31,21,8,37,10/16/2023
HaNoi,127,127,76,33,22,9,23,10/17/2023
HaNoi,140,140,76,27,22,7,18,10/18/2023
HaNoi,132,132,48,20,21,5,17,10/19/2023
HaNoi,70,70,38,22,20,5,22,10/20/2023
HaNoi,49,49,48,25,20,5,23,10/21/2023
HaNoi,76,76,64,27,21,7,17,10/22/2023
HaNoi,117,117,74,32,22,8,15,10/23/2023
HaNoi,133,133,79,30,22,8,17,10/24/2023
HaNoi,148,148,62,37,22,9,11,10/25/2023
HaNoi,98,98,86,39,23,9,15,10/26/2023
HaNoi,155,155,53,21,22,5,9,10/27/2023
HaNoi,77,77,41,17,21,4,8,10/28/2023
HaNoi,67,67,36,27,22,9,12,10/29/2023
HaNoi,62,50,62,29,28,9,21,10/30/2023
HaNoi,113,113,68,27,24,6,24,10/31/2023
HaNoi,124,124,79,36,28,8,25,11/1/2023
HaNoi,142,142,62,27,30,7,13,11/2/2023
HaNoi,98,98,46,21,26,6,7,11/3/2023
HaNoi,52,52,46,20,24,5,7,11/4/2023
HaNoi,52,52,51,25,26,7,7,11/5/2023
HaNoi,63,63,35,19,30,5,7,11/6/2023
HaNoi,64,45,64,26,31,7,21,11/7/2023
HaNoi,107,107,56,28,31,8,8,11/8/2023
HaNoi,80,80,55,25,31,8,8,11/9/2023
HaNoi,76,76,50,23,31,7,6,11/10/2023
HaNoi,59,59,48,25,31,6,6,11/11/2023
HaNoi,68,68,24,12,40,4,6,11/12/2023
HaNoi,43,24,28,18,43,5,9,11/13/2023
HaNoi,58,37,58,23,38,7,7,11/14/2023
HaNoi,106,106,38,16,37,4,11,11/15/2023
HaNoi,62,62,45,32,35,9,20,11/16/2023
HaNoi,74,66,74,37,29,9,21,11/17/2023
HaNoi,140,140,78,40,27,10,23,11/18/2023
HaNoi,150,150,84,35,26,8,34,11/19/2023
HaNoi,167,167,80,34,25,8,19,11/20/2023
HaNoi,187,187,80,34,24,8,18,11/22/2023
HaNoi,152,152,83,41,25,12,13,11/23/2023
HaNoi,150,150,87,42,24,9,15,11/24/2023
HaNoi,140,140,79,32,23,7,27,11/25/2023
HaNoi,137,137,92,38,25,11,29,11/26/2023
HaNoi,160,160,91,36,24,9,22,11/27/2023
HaNoi,164,164,107,41,24,10,30,11/28/2023
HaNoi,187,187,92,30,24,7,15,11/29/2023
HaNoi,172,172,36,15,24,4,15,11/30/2023
HaNoi,65,65,52,16,25,5,9,12/1/2023
HaNoi,103,103,53,16,25,5,7,12/2/2023
HaNoi,107,107,44,18,24,6,7,12/3/2023
HaNoi,69,69,65,23,24,7,5,12/4/2023
HaNoi,112,112,61,21,24,6,8,12/5/2023
HaNoi,109,109,62,33,24,11,16,12/6/2023
HaNoi,119,119,75,41,24,9,16,12/7/2023
HaNoi,133,133,80,34,24,9,11,12/8/2023
HaNoi,141,141,59,23,24,7,9,12/9/2023
HaNoi,79,79,74,31,25,11,7,12/10/2023
HaNoi,88,88,80,32,25,13,6,12/11/2023
HaNoi,102,102,61,28,23,8,11,12/12/2023
HaNoi,79,79,63,25,23,7,8,12/13/2023
HaNoi,87,87,62,27,23,8,7,12/14/2023
HaNoi,75,75,62,21,23,6,6,12/15/2023
HaNoi,73,73,33,16,22,4,9,12/16/2023
HaNoi,58,45,58,18,23,5,7,12/17/2023
HaNoi,113,113,34,12,23,3,9,12/18/2023
HaNoi,57,57,34,15,23,4,13,12/19/2023
HaNoi,57,57,53,24,23,7,15,12/20/2023
HaNoi,100,100,57,24,23,6,21,12/21/2023
HaNoi,98,98,66,31,23,8,25,12/22/2023
HaNoi,134,134,72,17,23,4,23,12/23/2023
HaNoi,157,157,80,18,20,8,20,12/24/2023
HaNoi,182,182,107,31,24,9,12,12/29/2023
HaNoi,192,192,71,30,24,8,7,12/30/2023
HaNoi,118,118,81,32,24,8,16,12/31/2023
HaNoi,61,61,52,22,18,8,16,7/1/2023
HaNoi,56,56,54,29,19,11,16,7/2/2023
HaNoi,64,64,47,24,19,7,16,7/3/2023
HaNoi,57,57,49,27,19,10,16,7/4/2023
HaNoi,51,51,44,19,19,6,16,7/5/2023
HaNoi,41,41,39,21,19,4,16,7/6/2023
HaNoi,36,34,36,18,19,5,16,7/7/2023
HaNoi,39,35,39,26,19,6,16,7/8/2023
HaNoi,46,30,46,28,19,7,16,7/9/2023
HaNoi,46,46,44,27,19,7,16,7/10/2023
HaNoi,48,48,41,30,19,6,11,7/11/2023
HaNoi,49,42,49,32,19,8,16,7/12/2023
HaNoi,56,56,45,26,19,7,11,7/13/2023
HaNoi,52,52,51,27,19,6,15,7/14/2023
HaNoi,68,68,59,27,19,6,21,7/15/2023
HaNoi,79,79,74,31,19,7,25,7/16/2023
HaNoi,105,105,61,23,19,4,19,7/17/2023
HaNoi,82,82,41,31,19,9,10,7/18/2023
HaNoi,60,60,57,28,19,10,8,7/19/2023
HaNoi,81,81,55,26,19,8,8,7/20/2023
HaNoi,74,74,46,24,19,6,8,7/21/2023
HaNoi,48,48,35,20,19,4,8,7/22/2023
HaNoi,41,33,41,25,19,7,8,7/23/2023
HaNoi,42,42,41,26,19,7,8,7/24/2023
HaNoi,49,39,49,28,19,7,15,7/25/2023
HaNoi,57,55,57,29,20,8,19,7/26/2023
HaNoi,76,76,53,29,19,7,11,7/27/2023
HaNoi,64,64,54,26,19,7,18,7/28/2023
HaNoi,77,77,54,29,19,8,8,7/29/2023
HaNoi,71,71,47,31,19,10,7,7/30/2023
HaNoi,60,60,39,29,19,10,9,7/31/2023
HaNoi,55,55,52,27,19,8,8,8/1/2023
HaNoi,67,67,48,21,19,7,8,8/2/2023
HaNoi,58,58,33,26,20,10,6,8/3/2023
HaNoi,43,43,37,23,20,10,7,8/4/2023
HaNoi,52,52,44,25,20,9,7,8/5/2023
HaNoi,49,43,49,27,20,10,6,8/6/2023
HaNoi,53,50,53,30,20,10,6,8/7/2023
HaNoi,53,53,52,26,20,9,9,8/8/2023
HaNoi,68,68,55,30,20,11,7,8/9/2023
HaNoi,76,76,63,33,21,13,6,8/10/2023
HaNoi,94,94,58,28,20,9,8,8/11/2023
HaNoi,73,73,55,24,19,5,12,8/12/2023
HaNoi,75,75,49,32,20,8,11,8/13/2023
HaNoi,54,54,42,30,19,8,11,8/14/2023
HaNoi,61,58,61,36,20,11,7,8/15/2023
HaNoi,80,80,62,29,20,9,13,8/16/2023
HaNoi,86,86,53,28,20,8,12,8/17/2023
HaNoi,64,63,64,38,20,12,7,8/18/2023
HaNoi,92,92,47,27,20,9,6,8/19/2023
HaNoi,57,57,55,35,20,11,6,8/20/2023
HaNoi,67,67,55,31,20,9,8,8/21/2023
HaNoi,63,63,55,27,19,7,16,8/22/2023
HaNoi,70,70,45,30,18,8,8,8/23/2023
HaNoi,59,59,55,26,19,7,9,8/24/2023
HaNoi,79,79,43,28,20,8,8,8/25/2023
HaNoi,54,50,54,28,20,9,12,8/26/2023
HaNoi,71,71,35,23,20,7,9,8/27/2023
HaNoi,46,45,46,22,19,6,10,8/28/2023
HaNoi,62,62,41,22,19,5,20,8/29/2023
HaNoi,55,53,55,29,19,6,26,8/30/2023
HaNoi,88,88,64,26,19,5,25,8/31/2023
HaNoi,104,104,60,23,19,5,23,9/1/2023
HaNoi,104,104,55,24,20,5,15,9/2/2023
HaNoi,81,81,26,18,19,3,9,9/3/2023
HaNoi,42,37,42,25,20,7,10,9/4/2023
HaNoi,64,57,64,25,20,6,12,9/5/2023
HaNoi,98,98,58,22,20,6,20,9/6/2023
HaNoi,92,92,43,19,19,4,14,9/7/2023
HaNoi,59,59,49,23,20,7,12,9/8/2023
HaNoi,70,70,59,22,19,6,12,9/9/2023
HaNoi,98,98,61,27,20,8,11,9/10/2023
HaNoi,90,90,60,33,20,9,7,9/11/2023
HaNoi,93,93,32,17,19,4,9,9/12/2023
HaNoi,43,43,13,15,19,3,8,9/13/2023
HaNoi,31,31,4,19,19,5,9,9/14/2023
HaNoi,51,51,10,24,19,7,8,9/15/2023
HaNoi,77,77,10,26,20,7,7,9/16/2023
HaNoi,78,78,10,30,20,10,7,9/17/2023
HaNoi,65,65,14,25,19,8,7,9/18/2023
HaNoi,50,50,21,21,20,7,7,9/19/2023
HaNoi,31,31,25,21,20,7,6,9/20/2023
HaNoi,35,35,24,23,20,6,6,9/21/2023
HaNoi,35,35,26,25,20,7,6,9/22/2023
HaNoi,38,37,38,28,20,7,6,9/23/2023
HaNoi,58,58,51,24,20,6,8,9/24/2023
HaNoi,86,86,48,21,20,5,6,9/25/2023
HaNoi,77,77,23,19,20,6,6,9/26/2023
HaNoi,34,34,29,21,20,6,6,9/27/2023
HaNoi,51,43,51,25,20,8,8,9/28/2023
HaNoi,81,81,59,22,20,6,9,9/29/2023
HaNoi,105,105,41,25,20,6,6,9/30/2023
HaNoi,104,104,49,26,20,9,9,4/1/2023
HaNoi,69,69,54,25,18,9,11,4/2/2023
HaNoi,72,72,70,30,19,12,12,4/3/2023
HaNoi,95,95,77,30,18,8,12,4/4/2023
HaNoi,121,121,70,27,18,8,13,4/5/2023
HaNoi,105,105,69,31,18,7,10,4/6/2023
HaNoi,91,91,73,24,18,3,15,4/7/2023
HaNoi,103,103,71,28,19,6,9,4/8/2023
HaNoi,108,108,59,33,19,10,5,4/9/2023
HaNoi,99,99,61,31,19,11,7,4/10/2023
HaNoi,101,101,60,32,19,12,9,4/11/2023
HaNoi,94,94,45,28,18,8,10,4/12/2023
HaNoi,61,61,48,32,18,13,11,4/13/2023
HaNoi,71,71,68,31,18,11,12,4/14/2023
HaNoi,105,105,74,34,18,9,10,4/15/2023
HaNoi,99,99,70,25,17,6,12,4/16/2023
HaNoi,100,100,60,24,18,13,13,4/17/2023
HaNoi,84,84,83,27,18,11,19,4/18/2023
HaNoi,122,122,87,40,19,12,18,4/19/2023
HaNoi,127,127,85,40,18,11,17,4/20/2023
HaNoi,130,130,77,24,18,8,17,4/21/2023
HaNoi,109,109,61,21,17,5,17,4/22/2023
HaNoi,83,83,59,21,18,7,18,4/23/2023
HaNoi,72,72,46,25,17,4,16,4/24/2023
HaNoi,55,42,55,29,18,5,12,4/25/2023
HaNoi,68,68,66,32,18,5,13,4/26/2023
HaNoi,96,96,54,22,18,5,12,4/27/2023
HaNoi,58,58,46,25,18,4,12,4/28/2023
HaNoi,57,41,57,25,18,3,12,4/29/2023
HaNoi,80,53,80,26,18,3,22,4/30/2023
HaNoi,100,100,67,21,18,2,16,5/1/2023
HaNoi,70,70,45,14,17,1,14,5/2/2023
HaNoi,49,45,49,16,17,5,20,5/3/2023
HaNoi,63,60,63,24,18,8,25,5/4/2023
HaNoi,77,77,72,22,18,6,31,5/5/2023
HaNoi,99,99,66,21,18,4,25,5/6/2023
HaNoi,90,90,47,27,18,5,69,5/7/2023
HaNoi,58,51,58,30,19,10,25,5/8/2023
HaNoi,83,83,54,26,18,9,34,5/9/2023
HaNoi,74,74,44,32,18,7,60,5/10/2023
HaNoi,40,40,40,26,18,7,14,5/11/2023
HaNoi,41,41,32,18,18,2,18,5/12/2023
HaNoi,39,35,39,25,18,6,19,5/13/2023
HaNoi,56,56,52,29,18,6,33,5/14/2023
HaNoi,67,67,50,23,18,6,36,5/15/2023
HaNoi,72,65,72,29,18,7,39,5/16/2023
HaNoi,103,103,81,24,19,8,36,5/17/2023
HaNoi,122,122,67,44,19,8,38,5/18/2023
HaNoi,102,96,68,24,18,6,102,5/19/2023
HaNoi,104,104,63,21,18,5,102,5/20/2023
HaNoi,126,92,67,24,18,8,126,5/21/2023
HaNoi,103,95,65,27,18,6,103,5/22/2023
HaNoi,91,91,62,21,18,5,74,5/23/2023
HaNoi,90,90,51,33,18,9,53,5/24/2023
HaNoi,59,59,50,25,19,9,46,5/25/2023
HaNoi,61,56,47,22,18,7,61,5/26/2023
HaNoi,55,49,39,18,18,5,55,5/27/2023
HaNoi,77,46,53,33,18,8,77,5/28/2023
HaNoi,62,62,58,31,19,8,49,5/29/2023
HaNoi,69,69,62,27,19,7,41,5/30/2023
HaNoi,86,86,61,23,19,7,80,5/31/2023
HaNoi,95,95,61,32,19,9,92,6/1/2023
HaNoi,82,82,57,25,18,6,34,6/2/2023
HaNoi,72,72,59,30,18,6,36,6/3/2023
HaNoi,75,75,57,33,19,10,28,6/4/2023
HaNoi,83,83,55,21,19,7,37,6/5/2023
HaNoi,77,77,52,23,19,5,60,6/6/2023
HaNoi,75,75,65,31,19,9,40,6/7/2023
HaNoi,114,114,40,22,18,8,25,6/8/2023
HaNoi,61,47,61,32,18,9,24,6/9/2023
HaNoi,89,89,67,19,18,5,29,6/10/2023
HaNoi,115,115,65,29,19,12,22,6/11/2023
HaNoi,101,101,49,20,18,5,26,6/12/2023
HaNoi,78,78,35,19,18,6,15,6/13/2023
HaNoi,44,42,44,26,18,9,40,6/14/2023
HaNoi,135,51,53,34,18,9,135,6/15/2023
HaNoi,100,58,49,24,18,6,100,6/16/2023
HaNoi,100,47,39,22,18,7,100,6/17/2023
HaNoi,100,41,55,29,19,10,100,6/18/2023
HaNoi,57,54,57,30,19,10,21,6/19/2023
HaNoi,127,66,56,31,19,10,127,6/20/2023
HaNoi,138,62,65,37,19,13,138,6/21/2023
HaNoi,78,78,41,22,18,6,13,6/22/2023
HaNoi,49,49,40,24,19,11,20,6/23/2023
HaNoi,45,45,22,20,18,7,20,6/24/2023
HaNoi,50,25,50,28,19,12,20,6/25/2023
HaNoi,60,60,53,27,19,10,20,6/26/2023
HaNoi,57,57,35,20,19,6,20,6/27/2023
HaNoi,36,36,36,17,18,5,20,6/28/2023
HaNoi,47,41,47,25,18,8,20,6/29/2023
HaNoi,52,50,52,25,18,8,20,6/30/2023
HaNoi,164,164,59,29,18,8,4,1/2/2023
HaNoi,123,123,100,37,18,11,3,1/3/2023
HaNoi,173,173,81,31,18,8,5,1/4/2023
HaNoi,153,153,56,20,18,4,9,1/5/2023
HaNoi,97,97,75,36,18,11,10,1/6/2023
HaNoi,137,137,118,43,18,10,11,1/7/2023
HaNoi,197,197,114,39,18,11,10,1/8/2023
HaNoi,195,195,104,31,18,9,3,1/9/2023
HaNoi,178,178,81,21,18,10,2,1/10/2023
HaNoi,148,148,57,19,18,10,1,1/11/2023
HaNoi,98,98,62,23,18,11,2,1/12/2023
HaNoi,108,108,77,24,18,9,10,1/13/2023
HaNoi,136,136,62,16,18,6,5,1/14/2023
HaNoi,107,107,33,13,17,5,6,1/15/2023
HaNoi,62,50,62,8,18,4,6,1/16/2023
HaNoi,102,102,65,9,18,6,9,1/17/2023
HaNoi,108,108,91,10,18,8,7,1/18/2023
HaNoi,160,160,99,9,18,9,7,1/19/2023
HaNoi,177,177,121,14,18,7,17,1/20/2023
HaNoi,197,197,120,14,18,7,8,1/21/2023
HaNoi,207,207,86,15,18,5,4,1/22/2023
HaNoi,151,151,50,10,17,2,13,1/23/2023
HaNoi,68,68,67,12,18,3,11,1/24/2023
HaNoi,112,112,82,9,18,5,7,1/25/2023
HaNoi,143,143,72,10,18,4,10,1/26/2023
HaNoi,127,127,68,12,18,4,14,1/27/2023
HaNoi,107,107,88,15,18,9,16,1/28/2023
HaNoi,150,150,115,28,18,7,14,1/29/2023
HaNoi,187,187,89,36,18,9,7,1/30/2023
HaNoi,155,155,75,35,18,9,7,1/31/2023
HaNoi,136,136,64,29,18,9,2,2/1/2023
HaNoi,107,107,50,20,18,9,6,2/2/2023
HaNoi,57,57,40,16,20,3,7,2/10/2023
HaNoi,52,52,51,20,19,4,7,2/11/2023
HaNoi,68,68,61,31,20,10,7,2/12/2023
HaNoi,88,88,55,23,20,5,7,2/13/2023
HaNoi,71,71,61,23,20,4,11,2/14/2023
HaNoi,100,100,73,27,20,5,11,2/15/2023
HaNoi,130,130,111,41,21,10,8,2/16/2023
HaNoi,179,179,79,42,21,9,7,2/17/2023
HaNoi,129,129,84,26,20,5,7,2/18/2023
HaNoi,145,145,69,29,20,7,17,2/19/2023
HaNoi,121,121,87,46,20,10,13,2/20/2023
HaNoi,149,149,71,38,20,8,14,2/21/2023
HaNoi,99,99,74,41,20,8,9,2/22/2023
HaNoi,99,99,72,30,20,8,20,2/23/2023
HaNoi,73,70,73,31,21,4,25,2/25/2023
HaNoi,123,123,94,42,21,7,20,2/26/2023
HaNoi,159,159,92,44,22,8,15,2/27/2023
HaNoi,151,151,81,39,22,9,6,2/28/2023
HaNoi,123,123,110,38,22,7,25,3/1/2023
HaNoi,183,183,110,45,20,8,17,3/2/2023
HaNoi,172,172,77,26,17,4, ,3/3/2023
HaNoi,128,128,98,32,17,6, ,3/4/2023
HaNoi,167,167,91,39,17,7,19,3/5/2023
HaNoi,143,143,71,33,17,6,19,3/6/2023
HaNoi,98,98,68,38,18,11,14,3/7/2023
HaNoi,90,88,90,29,18,6,19,3/8/2023
HaNoi,148,148,88,32,18,6,12,3/9/2023
HaNoi,133,133,73,34,18,9,7,3/10/2023
HaNoi,104,104,79,34,18,6,15,3/11/2023
HaNoi,122,122,73,16,17,2,19,3/12/2023
HaNoi,94,67,94,29,17,4,21,3/13/2023
HaNoi,118,118,97,37,18,9,12,3/14/2023
HaNoi,136,136,64,26,18,5,11,3/15/2023
HaNoi,76,76,56,25,18,7,9,3/16/2023
HaNoi,65,65,56,25,17,5,8,3/17/2023
HaNoi,64,64,52,19,17,3,8,3/18/2023
HaNoi,60,60,53,21,17,5,8,3/19/2023
HaNoi,66,66,60,31,18,11,9,3/20/2023
HaNoi,87,87,78,31,18,8,15,3/21/2023
HaNoi,132,132,78,33,18,10,15,3/22/2023
HaNoi,117,117,77,31,18,9,11,3/23/2023
HaNoi,120,120,66,26,18,9,11,3/24/2023
HaNoi,90,90,51,18,19,4,6,3/25/2023
HaNoi,56,56,44,19,19,5,7,3/26/2023
HaNoi,57,54,57,22,19,5,7,3/27/2023
HaNoi,67,67,50,21,19,6,8,3/28/2023
HaNoi,69,69,60,26,19,7,5,3/29/2023
HaNoi,88,79,88,41,20,14,5,3/30/2023
HaNoi,135,135,68,37,21,13,5,3/31/2023
HaNoi,29,29,15,20,16,8,5,10/1/2022
HaNoi,24,22,23,24,16,11,6,10/2/2022
HaNoi,37,37,28,28,16,10,7,10/3/2022
HaNoi,44,44,27,30,16,8,6,10/4/2022
HaNoi,41,41,28,31,16,10,7,10/5/2022
HaNoi,44,44,27,33,16,12,6,10/6/2022
HaNoi,41,41,24,32,16,9,8,10/7/2022
HaNoi,37,37,20,22,16,4,6,10/8/2022
HaNoi,33,33,14,23,16,5,10,10/9/2022
HaNoi,37,19,37,26,16,6,14,10/10/2022
HaNoi,60,60,34,37,16,6,20,10/11/2022
HaNoi,49,49,35,40,16,10,22,10/12/2022
HaNoi,52,52,42,33,17,6,20,10/13/2022
HaNoi,70,70,35,34,16,7,23,10/14/2022
HaNoi,55,55,40,31,16,6,19,10/15/2022
HaNoi,70,70,24,27,16,5,20,10/16/2022
HaNoi,38,38,31,29,16,4,25,10/17/2022
HaNoi,48,48,35,31,16,6,14,10/18/2022
HaNoi,59,59,12,18,16,2,10,10/19/2022
HaNoi,24,24,15,22,16,5,4,10/20/2022
HaNoi,30,27,30,29,16,12,8,10/21/2022
HaNoi,48,48,42,34,17,12,12,10/22/2022
HaNoi,66,66,48,36,17,9,19,10/23/2022
HaNoi,86,86,36,37,16,9,14,10/24/2022
HaNoi,60,60,46,34,16,9,10,10/25/2022
HaNoi,80,80,34,31,17,9,6,10/26/2022
HaNoi,50,50,39,44,17,12,8,10/27/2022
HaNoi,55,55,48,40,17,9,21,10/28/2022
HaNoi,84,84,39,30,16,7,16,10/29/2022
HaNoi,70,70,18,22,17,4,10,10/30/2022
HaNoi,29,29,21,28,17,6,13,10/31/2022
HaNoi,38,30,29,38,17,12,17,11/1/2022
HaNoi,47,47,5,45,18,15,20,11/2/2022
HaNoi,40,11,5,40,19,11,17,11/3/2022
HaNoi,32,10,4,32,18,6,19,11/4/2022
HaNoi,35,8,5,35,18,7,22,11/5/2022
HaNoi,47,9,26,47,18,12,7,11/6/2022
HaNoi,54,43,54,37,18,9,18,11/7/2022
HaNoi,101,101,49,35,18,8,18,11/8/2022
HaNoi,92,92,44,36,19,12,2,11/9/2022
HaNoi,77,77,38,34,19,11,2,11/10/2022
HaNoi,66,66,28,33,19,10,4,11/11/2022
HaNoi,44,44,36,33,19,9,3,11/12/2022
HaNoi,60,60,34,37,19,15,4,11/13/2022
HaNoi,53,53,28,29,19,11,2,11/14/2022
HaNoi,47,47,21,28,19,9,3,11/15/2022
HaNoi,34,34,16,22,19,9,3,11/16/2022
HaNoi,25,25,19,25,18,9,3,11/17/2022
HaNoi,29,29,22,28,17,11,3,11/18/2022
HaNoi,33,33,26,24,17,7,7,11/19/2022
HaNoi,42,42,41,37,17,11,4,11/20/2022
HaNoi,67,67,41,31,17,8,7,11/21/2022
HaNoi,73,73,35,26,17,8,6,11/22/2022
HaNoi,62,62,21,19,17,5,2,11/23/2022
HaNoi,38,38,24,21,17,8,1,11/24/2022
HaNoi,40,40,27,18,17,10,2,11/25/2022
HaNoi,45,45,17,17,17,3,3,11/26/2022
HaNoi,26,26,15,20,17,6,3,11/27/2022
HaNoi,21,21,19,21,17,7,4,11/28/2022
HaNoi,28,28,13,17,17,6,3,11/29/2022
HaNoi,19,19,1,13,17,3,1,11/30/2022
HaNoi,17,3,12,15,17,3,4,12/1/2022
HaNoi,23,22,22,23,17,5,5,12/2/2022
HaNoi,38,38,17,14,17,3,2,12/3/2022
HaNoi,30,30,13,17,17,4,3,12/4/2022
HaNoi,34,20,34,28,17,8,5,12/5/2022
HaNoi,58,58,39,24,17,5,7,12/6/2022
HaNoi,71,71,27,18,17,5,2,12/7/2022
HaNoi,50,50,26,17,17,4,2,12/8/2022
HaNoi,49,49,23,17,17,4,2,12/9/2022
HaNoi,43,43,33,26,17,7,7,12/10/2022
HaNoi,57,57,35,32,17,11,15,12/11/2022
HaNoi,64,64,34,45,17,9,11,12/12/2022
HaNoi,56,56,31,33,17,7,17,12/13/2022
HaNoi,53,53,35,47,18,9,14,12/14/2022
HaNoi,59,59,40,44,18,9,22,12/15/2022
HaNoi,72,72,19,25,17,4,13,12/16/2022
HaNoi,31,31,13,25,17,3,15,12/17/2022
HaNoi,41,21,30,41,17,8,14,12/18/2022
HaNoi,52,52,41,49,17,9,9,12/19/2022
HaNoi,70,70,29,40,18,13,18,12/20/2022
HaNoi,49,49,40,41,18,9,17,12/21/2022
HaNoi,71,71,28,45,18,8,8,12/22/2022
HaNoi,49,49,21,44,18,8,16,12/23/2022
HaNoi,42,39,19,42,18,7,8,12/24/2022
HaNoi,43,36,11,43,18,10,6,12/25/2022
HaNoi,43,23,9,43,18,10,5,12/26/2022
HaNoi,27,19,10,27,18,4,4,12/27/2022
HaNoi,20,20,19,17,18,4,5,12/28/2022
HaNoi,53,53,33,21,18,5,5,12/29/2022
HaNoi,94,94,47,23,18,5,5,12/30/2022
HaNoi,129,129,54,32,18,7,11,12/31/2022
HaNoi,144,144,66,28,18,6,8,1/1/2023
HaNoi,37,37,17,21,14,3,9,7/1/2022
HaNoi,24,24,15,22,14,3,11,7/2/2022
HaNoi,28,21,22,28,14,5,11,7/3/2022
HaNoi,33,33,22,27,14,8,8,7/4/2022
HaNoi,33,32,33,31,14,9,10,7/5/2022
HaNoi,53,53,19,23,14,10,6,7/6/2022
HaNoi,28,28,25,27,14,10,6,7/7/2022
HaNoi,39,39,32,25,14,9,6,7/8/2022
HaNoi,51,51,26,21,14,4,8,7/9/2022
HaNoi,43,43,20,25,14,5,6,7/10/2022
HaNoi,31,31,19,25,15,8,6,7/11/2022
HaNoi,30,30,20,24,15,7,7,7/12/2022
HaNoi,30,30,22,23,15,5,6,7/13/2022
HaNoi,36,36,13,23,15,5,6,7/14/2022
HaNoi,21,21,12,20,14,4,6,7/15/2022
HaNoi,21,18,13,21,15,4,7,7/16/2022
HaNoi,29,20,19,29,15,9,6,7/17/2022
HaNoi,29,29,16,23,15,7,5,7/18/2022
HaNoi,24,24,17,23,15,9,5,7/19/2022
HaNoi,25,25,22,20,15,9,5,7/20/2022
HaNoi,36,36,17,23,15,9,2,7/21/2022
HaNoi,27,27,21,23,15,3,2,7/22/2022
HaNoi,35,35,14,20,15,3,2,7/23/2022
HaNoi,21,21,14,21,15,4,2,7/24/2022
HaNoi,21,21,15,21,15,4,2,7/25/2022
HaNoi,22,22,14,20,15,3,2,7/26/2022
HaNoi,26,20,19,26,15,7,3,7/27/2022
HaNoi,28,28,23,28,15,7,3,7/28/2022
HaNoi,36,36,22,30,15,7,5,7/29/2022
HaNoi,35,35,15,27,15,4,2,7/30/2022
HaNoi,27,23,19,27,15,6,3,7/31/2022
HaNoi,31,31,19,29,16,7,3,8/1/2022
HaNoi,31,31,18,29,15,7,5,8/2/2022
HaNoi,29,29,19,29,15,7,3,8/3/2022
HaNoi,30,28,17,30,15,6,4,8/4/2022
HaNoi,27,27,16,27,15,11,2,8/5/2022
HaNoi,26,26,20,25,15,7,3,8/6/2022
HaNoi,33,33,18,21,15,6,6,8/7/2022
HaNoi,29,29,12,23,15,5,7,8/8/2022
HaNoi,20,20,14,20,15,4,8,8/9/2022
HaNoi,23,23,7,17,15,6,6,8/10/2022
HaNoi,27,12,14,27,15,15,5,8/11/2022
HaNoi,30,22,23,30,15,10,8,8/12/2022
HaNoi,36,36,14,24,15,8,7,8/13/2022
HaNoi,26,22,13,26,15,9,5,8/14/2022
HaNoi,30,18,17,30,15,9,8,8/15/2022
HaNoi,26,23,17,26,15,9,6,8/16/2022
HaNoi,27,24,18,27,15,7,11,8/17/2022
HaNoi,29,26,18,29,15,8,14,8/18/2022
HaNoi,27,27,11,24,15,6,7,8/19/2022
HaNoi,20,18,8,20,15,8,5,8/20/2022
HaNoi,24,14,9,24,15,9,5,8/21/2022
HaNoi,25,13,16,25,15,11,5,8/22/2022
HaNoi,31,25,23,31,15,8,14,8/23/2022
HaNoi,37,37,22,27,15,9,7,8/24/2022
HaNoi,38,38,9,17,15,6,7,8/25/2022
HaNoi,24,14,13,24,15,8,7,8/26/2022
HaNoi,19,19,12,19,15,5,7,8/27/2022
HaNoi,19,19,12,18,15,6,7,8/28/2022
HaNoi,26,18,16,26,15,9,5,8/29/2022
HaNoi,33,23,19,33,15,11,6,8/30/2022
HaNoi,29,29,21,21,15,4,8,8/31/2022
HaNoi,36,36,18,21,15,4,12,9/1/2022
HaNoi,30,30,23,30,15,7,13,9/2/2022
HaNoi,38,38,19,21,15,4,9,9/3/2022
HaNoi,32,32,16,29,15,9,11,9/4/2022
HaNoi,32,24,26,32,15,7,18,9/5/2022
HaNoi,41,41,35,35,15,8,18,9/6/2022
HaNoi,57,57,19,19,15,5,7,9/7/2022
HaNoi,35,35,18,26,15,10,6,9/8/2022
HaNoi,30,30,26,29,15,9,10,9/9/2022
HaNoi,42,42,22,29,15,8,6,9/10/2022
HaNoi,36,36,24,35,15,10,11,9/11/2022
HaNoi,36,36,31,29,15,7,19,9/12/2022
HaNoi,51,51,39,34,15,9,18,9/13/2022
HaNoi,65,65,27,35,16,9,8,9/14/2022
HaNoi,44,44,25,29,16,14,4,9/15/2022
HaNoi,39,39,27,33,16,10,4,9/16/2022
HaNoi,42,42,34,35,16,10,16,9/17/2022
HaNoi,60,60,22,33,16,9,14,9/18/2022
HaNoi,37,37,28,28,16,7,11,9/19/2022
HaNoi,46,46,24,28,16,7,8,9/20/2022
HaNoi,41,41,23,33,16,10,5,9/21/2022
HaNoi,38,38,21,25,15,5,14,9/22/2022
HaNoi,37,37,21,21,16,4,10,9/23/2022
HaNoi,41,41,23,22,15,4,11,9/24/2022
HaNoi,42,42,25,33,16,11,14,9/25/2022
HaNoi,43,43,36,32,16,11,17,9/26/2022
HaNoi,62,62,36,26,16,6,7,9/27/2022
HaNoi,65,65,24,25,16,8,7,9/28/2022
HaNoi,44,44,17,21,16,10,5,9/29/2022
HaNoi,30,30,17,21,16,11,5,9/30/2022
HaNoi,23,13,11,14,13,3,23,4/1/2022
HaNoi,27,18,27,20,14,5,24,4/2/2022
HaNoi,45,45,44,33,16,6,21,4/3/2022
HaNoi,77,77,56,36,17,7,27,4/4/2022
HaNoi,103,103,61,38,15,9,36,4/5/2022
HaNoi,121,121,57,31,17,7,29,4/6/2022
HaNoi,115,115,54,41,18,9,35,4/7/2022
HaNoi,109,109,36,30,14,6,21,4/8/2022
HaNoi,66,66,24,26,13,6,13,4/9/2022
HaNoi,46,46,26,29,13,9,6,4/10/2022
HaNoi,50,50,21,21,12,6,6,4/11/2022
HaNoi,39,39,23,28,15,8,17,4/12/2022
HaNoi,44,44,23,26,13,8,8,4/13/2022
HaNoi,44,44,21,21,12,7,8,4/14/2022
HaNoi,41,41,14,23,12,6,7,4/15/2022
HaNoi,27,27,12,12,12,4,4,4/16/2022
HaNoi,25,25,10,16,12,5,6,4/17/2022
HaNoi,21,18,20,21,15,6,19,4/18/2022
HaNoi,39,39,35,29,17,11,19,4/19/2022
HaNoi,66,66,35,27,17,11,18,4/20/2022
HaNoi,68,68,18,17,15,6,9,4/21/2022
HaNoi,35,35,20,17,15,8,8,4/22/2022
HaNoi,38,38,19,12,14,5,9,4/23/2022
HaNoi,37,37,24,19,15,9,8,4/24/2022
HaNoi,45,45,23,20,15,9,7,4/25/2022
HaNoi,43,43,18,17,15,8,7,4/26/2022
HaNoi,35,35,16,13,14,6,7,4/27/2022
HaNoi,32,32,24,16,15,11,7,4/28/2022
HaNoi,46,46,19,14,14,5,6,4/29/2022
HaNoi,36,36,9,9,13,3,7,4/30/2022
HaNoi,16,16,12,14,13,4,9,5/1/2022
HaNoi,23,23,23,20,13,5,9,5/2/2022
HaNoi,43,43,33,27,13,7,15,5/3/2022
HaNoi,66,66,37,31,13,8,14,5/4/2022
HaNoi,62,62,59,28,14,9,12,5/5/2022
HaNoi,102,102,31,18,13,7,6,5/6/2022
HaNoi,49,49,25,14,13,6,6,5/7/2022
HaNoi,39,39,27,12,13,5,6,5/8/2022
HaNoi,43,43,30,14,13,8,6,5/9/2022
HaNoi,46,46,44,21,14,10,8,5/10/2022
HaNoi,68,68,31,22,14,9,8,5/11/2022
HaNoi,49,49,44,13,14,10,10,5/12/2022
HaNoi,67,67, , , , , ,5/13/2022
HaNoi,22,18,22,18,14,7,9,6/17/2022
HaNoi,27,27,23,18,14,6,8,6/18/2022
HaNoi,30,30,28,21,14,6,8,6/19/2022
HaNoi,35,35,25,21,14,3,7,6/20/2022
HaNoi,30,30,23,24,14,3,10,6/21/2022
HaNoi,31,31,29,28,14,7,11,6/22/2022
HaNoi,46,46,25,22,14,3,7,6/23/2022
HaNoi,38,38,17,19,14,2,6,6/24/2022
HaNoi,23,23,21,21,14,2,7,6/25/2022
HaNoi,31,31,17,23,14,4,7,6/26/2022
HaNoi,36,21,23,36,14,9,13,6/27/2022
HaNoi,32,32,29,28,14,6,16,6/28/2022
HaNoi,44,44,25,32,14,8,8,6/29/2022
HaNoi,40,40,23,24,14,3,11,6/30/2022
HaNoi,179,179,98,42,12,14,13,1/3/2022
HaNoi,174,174,58,34,12,10,8,1/4/2022
HaNoi,102,102,45,27,12,8,8,1/5/2022
HaNoi,74,74,51,33,13,8,12,1/6/2022
HaNoi,87,87,55,31,14,8,11,1/7/2022
HaNoi,102,102,48,15,12,6,5,1/8/2022
HaNoi,90,90,41,13,11,7,4,1/9/2022
HaNoi,80,80,41,23,12,8,12,1/10/2022
HaNoi,71,71,62,38,16,13,4,1/11/2022
HaNoi,119,119,58,23,13,7,6,1/12/2022
HaNoi,116,116,74,37,16,13,3,1/13/2022
HaNoi,153,153,69,33,12,11,5,1/14/2022
HaNoi,144,144,61,28,12,11,6,1/15/2022
HaNoi,124,124,18,12,11,5,6,1/16/2022
HaNoi,45,33,45,26,13,9,19,1/17/2022
HaNoi,78,78,53,29,14,8,17,1/18/2022
HaNoi,97,97,57,36,13,11,7,1/19/2022
HaNoi,114,114,62,34,15,10,3,1/20/2022
HaNoi,131,131,56,30,12,12,4,1/21/2022
HaNoi,112,112,54,28,12,11,7,1/22/2022
HaNoi,102,102,34,27,12,9,7,1/23/2022
HaNoi,59,59,29,22,11,9,7,1/24/2022
HaNoi,54,54,27,24,11,9,7,1/25/2022
HaNoi,49,49,26,21,11,7,8,1/26/2022
HaNoi,47,47,28,21,11,6,10,1/27/2022
HaNoi,47,47,32,15,11,7,9,1/28/2022
HaNoi,59,59,27,12,11,7,10,1/29/2022
HaNoi,51,51,20,8,11,5,12,1/30/2022
HaNoi,37,37,19,6,11,4,12,1/31/2022
HaNoi,36,36,13,6,11,4,9,2/1/2022
HaNoi,25,25,18,8,11,4,14,2/2/2022
HaNoi,33,33,31,11,11,5,16,2/3/2022
HaNoi,57,57,41,17,11,5,16,2/4/2022
HaNoi,79,79,51,18,11,7,13,2/5/2022
HaNoi,104,104,50,19,12,7,9,2/6/2022
HaNoi,99,99,28,19,11,8,6,2/7/2022
HaNoi,58,58,11,12,11,6,5,2/8/2022
HaNoi,22,21,22,17,12,6,4,2/9/2022
HaNoi,42,42,36,23,12,9,4,2/10/2022
HaNoi,70,70,28,15,12,7,4,2/11/2022
HaNoi,55,55,12,10,11,4,7,2/12/2022
HaNoi,28,24,28,23,12,8,11,2/13/2022
HaNoi,54,54,48,26,15,8,7,2/14/2022
HaNoi,95,95,54,25,12,11,4,2/15/2022
HaNoi,106,106,52,39,12,12,4,2/16/2022
HaNoi,101,101,33,29,12,11,4,2/17/2022
HaNoi,61,61,8,11,11,4,11,2/18/2022
HaNoi,15,15,9,9,11,3,14,2/19/2022
HaNoi,17,17,14,12,11,4,13,2/20/2022
HaNoi,27,27,16,10,11,4,12,2/21/2022
HaNoi,29,29,29,16,12,4,17,2/22/2022
HaNoi,52,52,49,23,13,5,19,2/23/2022
HaNoi,85,85,72,36,14,7,17,2/24/2022
HaNoi,137,137,78,39,15,8,19,2/25/2022
HaNoi,154,154,89,35,13,8,23,2/26/2022
HaNoi,172,172,75,37,14,9,15,2/27/2022
HaNoi,146,146,63,37,13,9,14,2/28/2022
HaNoi,130,130,55,34,13,9,15,3/1/2022
HaNoi,110,110,54,30,14,8,9,3/2/2022
HaNoi,105,105,35,25,12,8,7,3/3/2022
HaNoi,60,60,33,26,12,8,5,3/4/2022
HaNoi,60,60,28,22,12,7,5,3/5/2022
HaNoi,51,51,30,32,12,13,14,3/6/2022
HaNoi,52,52,44,34,12,9,19,3/7/2022
HaNoi,84,84,38,34,13,7,15,3/8/2022
HaNoi,61,61,31,32,13,7,7,3/9/2022
HaNoi,51,51,30,33,12,8,7,3/10/2022
HaNoi,50,50,23,21,12,4,8,3/11/2022
HaNoi,38,38,22,23,12,5,7,3/12/2022
HaNoi,36,36,25,27,12,8,7,3/13/2022
HaNoi,52,41,52,35,12,9,11,3/14/2022
HaNoi,93,93,40,26,12,7,7,3/15/2022
HaNoi,69,69,36,24,12,9,8,3/16/2022
HaNoi,61,61,51,29,13,10,9,3/17/2022
HaNoi,93,93,34,21,12,7,8,3/18/2022
HaNoi,59,59,39,16,12,4,7,3/19/2022
HaNoi,64,64,41,21,12,7,9,3/20/2022
HaNoi,70,70,40,25,12,9,11,3/21/2022
HaNoi,69,69,17,15,12,4,9,3/22/2022
HaNoi,40,32,40,24,13,9,7,3/23/2022
HaNoi,70,70,38,28,12,11,6,3/24/2022
HaNoi,69,69,51,27,12,9,19,3/25/2022
HaNoi,94,94,29,21,14,5,9,3/26/2022
HaNoi,50,50,36,28,13,8,7,3/27/2022
HaNoi,62,62,53,39,16,12,3,3/28/2022
HaNoi,99,99,49,31,13,10,6,3/29/2022
HaNoi,98,98,28,30,13,9,10,3/30/2022
HaNoi,51,51,6,12,12,3,18,3/31/2022
HaNoi,33,33,18,16,10,6,19,10/1/2021
HaNoi,32,29,23,19,10,7,32,10/2/2021
HaNoi,36,36,16,21,10,8,31,10/3/2021
HaNoi,27,27,17,21,10,7,26,10/4/2021
HaNoi,51,27,51,22,10,7,35,10/5/2021
HaNoi,89,89,53,21,10,8,44,10/6/2021
HaNoi,99,99,38,16,10,4,42,10/7/2021
HaNoi,65,65,25,13,10,4,22,10/8/2021
HaNoi,43,43,9,6,9,2,22,10/9/2021
HaNoi,19,17,10,11,9,4,19,10/10/2021
HaNoi,32,19,15,9,10,3,32,10/11/2021
HaNoi,23,23,16,13,10,3,13,10/12/2021
HaNoi,24,24,9,9,9,2,15,10/13/2021
HaNoi,15,15,9,11,9,3,12,10/14/2021
HaNoi,17,16,10,11,9,4,17,10/15/2021
HaNoi,18,18,9,10,10,3,16,10/16/2021
HaNoi,14,14,11,12, ,4,9,10/17/2021
HaNoi,30,21,30,25,9,10,12,10/18/2021
HaNoi,51,51,43,28,10,9,21,10/19/2021
HaNoi,80,80,26,14,10,5,17,10/20/2021
HaNoi,43,43,17,13,10,4,23,10/21/2021
HaNoi,36,26,36,22,10,5,36,10/22/2021
HaNoi,61,61,42,20,10,5,43,10/23/2021
HaNoi,73,73,51,33,11,11,56,10/24/2021
HaNoi,93,93,67,39,14,11,66,10/25/2021
HaNoi,130,130,56,35,11,10,66,10/26/2021
HaNoi,107,107,55,27,11,7,21,10/27/2021
HaNoi,109,109,18,17,10,5,21,10/28/2021
HaNoi,35,35,10,11,10,4,18,10/29/2021
HaNoi,22,19,22,13,10,6,13,10/30/2021
HaNoi,41,41,15,14,10,6,9,10/31/2021
HaNoi,29,29,21,15,10,7,8,11/1/2021
HaNoi,39,39,36,27,11,12,11,11/2/2021
HaNoi,63,63,28,23,10,7,13,11/3/2021
HaNoi,45,45,27,19,10,5,13,11/4/2021
HaNoi,43,43,27,19,10,5,8,11/5/2021
HaNoi,41,41,30,20,10,7,9,11/6/2021
HaNoi,46,46,20,11,10,3,14,11/7/2021
HaNoi,39,34,39,23,12,5,19,11/8/2021
HaNoi,63,63,36,23,11,5,22,11/9/2021
HaNoi,62,62,52,30,12,7,23,11/10/2021
HaNoi,96,96,53,24,13,5,24,11/11/2021
HaNoi,99,99,39,19,11,4,25,11/12/2021
HaNoi,69,69,57,25,12,7,27,11/13/2021
HaNoi,116,116,66,40,16,9,16,11/14/2021
HaNoi,133,133,71,35,13,8,9,11/15/2021
HaNoi,152,152,52,18,11,6,8,11/16/2021
HaNoi,110,110,21,12,10,4,16,11/17/2021
HaNoi,57,37,57,41,13,13,9,11/18/2021
HaNoi,111,111,51,22,10,7,10,11/19/2021
HaNoi,102,102,34,17,10,5,10,11/20/2021
HaNoi,57,57,24,14,11,4,13,11/21/2021
HaNoi,36,36,30,13,10,3,13,11/22/2021
HaNoi,51,51,38,16,11,6,15,11/23/2021
HaNoi,64,64,51,27,11,9,11,11/24/2021
HaNoi,96,96,57,27,11,8,16,11/25/2021
HaNoi,115,115,54,23,12,5,28,11/26/2021
HaNoi,104,104,74,24,14,7,8,11/27/2021
HaNoi,157,157,55,53,12,17,27,11/28/2021
HaNoi,103,103,53,25,16,6,23,11/29/2021
HaNoi,100,100,46,27,13,7,26,11/30/2021
HaNoi,86,86,61,34,15,9,29,12/1/2021
HaNoi,124,124,64,41,13,14,26,12/2/2021
HaNoi,129,129,53,50,14,16,26,12/3/2021
HaNoi,108,108,61,39,13,9,30,12/4/2021
HaNoi,132,132,70,41,13,12,29,12/5/2021
HaNoi,144,144,71,42,17,10,24,12/6/2021
HaNoi,144,144,73,48,17,11,22,12/7/2021
HaNoi,149,149,73,31,12,7,17,12/8/2021
HaNoi,154,154,75,34,14,8,20,12/9/2021
HaNoi,153,153,62,39,11,10,17,12/10/2021
HaNoi,128,128,61,25,12,7,24,12/11/2021
HaNoi,124,124,34,22,12,7,14,12/12/2021
HaNoi,65,64,65,34,13,10,38,12/13/2021
HaNoi,141,141,69,45,16,13,14,12/14/2021
HaNoi,150,150,62,43,12,15,17,12/15/2021
HaNoi,131,131,57,27,12,8,17,12/16/2021
HaNoi,114,114,39,20,12,5,18,12/17/2021
HaNoi,74,74,55,26,13,6,14,12/18/2021
HaNoi,113,113,62,28,15,7,17,12/19/2021
HaNoi,130,130,57,32,12,8,15,12/20/2021
HaNoi,115,115,74,41,12,10,17,12/21/2021
HaNoi,152,152,55,41,14,9,15,12/22/2021
HaNoi,116,116,51,40,14,11,13,12/23/2021
HaNoi,109,109,52,38,14,10,10,12/24/2021
HaNoi,114,114,49,27,15,7,10,12/25/2021
HaNoi,98,98,17,12,11,5,3,12/26/2021
HaNoi,32,32,20,18,12,5,11,12/27/2021
HaNoi,37,37,32,18,12,5,6,12/28/2021
HaNoi,57,57,41,15,11,5,11,12/29/2021
HaNoi,73,73,54,18,11,7,7,12/30/2021
HaNoi,102,102,65,16,13,6,7,12/31/2021
HaNoi,137,137,58,25,12,9,14,1/1/2022
HaNoi,103,103,95,35,12,11,8,1/2/2022
HaNoi,19,14,15,11,8,5,19,7/1/2021
HaNoi,23,12,17,10,8,5,23,7/2/2021
HaNoi,22,18,15,10,8,6,22,7/3/2021
HaNoi,21,18,11,11,8,7,21,7/4/2021
HaNoi,25,13,16,11,8,9,25,7/5/2021
HaNoi,21,19,16,11,8,6,21,7/6/2021
HaNoi,22,22,9,11,7,10,20,7/7/2021
HaNoi,17,14,11,11,8,7,17,7/8/2021
HaNoi,17,15,14,11,8,7,17,7/9/2021
HaNoi,18,18,12,11,8,5,17,7/10/2021
HaNoi,18,16,13,17,9,5,18,7/11/2021
HaNoi,18,17,12,16,9,3,18,7/12/2021
HaNoi,18,16,12,16,9,4,18,7/13/2021
HaNoi,18,16,10,17,8,5,18,7/14/2021
HaNoi,21,13,15,21,9,7,18,7/15/2021
HaNoi,21,19,15,21,9,5,17,7/16/2021
HaNoi,21,19,12,21,8,6,19,7/17/2021
HaNoi,26,18,23,26,9,8,16,7/18/2021
HaNoi,35,35,20,22,8,5,26,7/19/2021
HaNoi,33,33,12,18,8,4,24,7/20/2021
HaNoi,23,20,22,23,8,7,20,7/21/2021
HaNoi,35,35,10,17,8,6,18,7/22/2021
HaNoi,19,18,13,13,8,4,19,7/23/2021
HaNoi,28,21,15,14,8,3,28,7/24/2021
HaNoi,40,23,13,12,8,3,40,7/25/2021
HaNoi,29,21,9,12,8,3,29,7/26/2021
HaNoi,28,14,13,13,8,3,28,7/27/2021
HaNoi,28,22,18,14,8,4,28,7/28/2021
HaNoi,34,34,21,16,8,4,32,7/29/2021
HaNoi,38,38,14,17,9,3,31,7/30/2021
HaNoi,24,24,6,11,8,2,22,7/31/2021
HaNoi,29,10,12,20,9,3,29,8/1/2021
HaNoi,39,20,15,21,9,3,39,8/2/2021
HaNoi,37,26,21,12,9,4,37,8/3/2021
HaNoi,39,39,21,15,9,4,34,8/4/2021
HaNoi,38,38,23,14,9,4,26,8/5/2021
HaNoi,41,41,13,13,10,3,29,8/6/2021
HaNoi,25,22,24,14,9,4,25,8/7/2021
HaNoi,44,44,41,16,9,5,24,8/8/2021
HaNoi,77,77,16,17,9,4,20,8/9/2021
HaNoi,32,32,19,13,9,4,20,8/10/2021
HaNoi,36,36,21,15,9,4,21,8/11/2021
HaNoi,41,41,23,16,10,4,20,8/12/2021
HaNoi,42,42,26,13,9,3,23,8/13/2021
HaNoi,50,50,9,14,9,3,21,8/14/2021
HaNoi,22,22,14,15,9,4,22,8/15/2021
HaNoi,24,17,1,11,9,3,24,8/16/2021
HaNoi,22,2,1,14,9,3,22,8/17/2021
HaNoi,53,2,53,15,10,3,21,8/18/2021
HaNoi,84,84,22,13,9,3,24,8/19/2021
HaNoi,40,40,33,11,9,2,25,8/20/2021
HaNoi,62,57,62,9,9,2,24,8/21/2021
HaNoi,116,116,20,14,10,3,24,8/22/2021
HaNoi,28,28,17,14,9,4,22,8/23/2021
HaNoi,26,26,10,11,9,3,20,8/24/2021
HaNoi,19,15,11,14,9,4,19,8/25/2021
HaNoi,21,16,10,14,10,3,21,8/26/2021
HaNoi,25,16,8,13,9,2,25,8/27/2021
HaNoi,31,13,10,13,11,2,31,8/28/2021
HaNoi,27,15,12,15,9,3,27,8/30/2021
HaNoi,35,19,15,15,10,3,35,8/31/2021
HaNoi,28,23,13,10,9,2,28,9/1/2021
HaNoi,27,22,17,12,10,3,27,9/2/2021
HaNoi,28,27,12,11,9,3,28,9/3/2021
HaNoi,21,21,7,11,9,3,21,9/4/2021
HaNoi,36,11,14,14,9,3,36,9/5/2021
HaNoi,22,22,19,15,9,4,20,9/6/2021
HaNoi,32,32,12,13,9,4,20,9/7/2021
HaNoi,27,20,4,14,9,4,27,9/8/2021
HaNoi,36,7,10,15,9,5,36,9/9/2021
HaNoi,59,16,16,14,9,4,59,9/10/2021
HaNoi,105,26,26,14,10,4,105,9/11/2021
HaNoi,42,42,27,15,9,5,36,9/12/2021
HaNoi,44,44,15,14,9,4,22,9/13/2021
HaNoi,26,26,12,16,9,5,19,9/14/2021
HaNoi,19,19,16,19,9,7,19,9/15/2021
HaNoi,25,25,9,15,9,6,20,9/16/2021
HaNoi,19,14,12,14,10,4,19,9/17/2021
HaNoi,20,19,12,11,9,3,20,9/18/2021
HaNoi,33,19,19,15,10,4,33,9/19/2021
HaNoi,31,31,24,20,11,7,29,9/20/2021
HaNoi,38,38,19,21,12,6,19,9/21/2021
HaNoi,29,29,17,21,11,6,26,9/22/2021
HaNoi,28,28,15,14,10,4,17,9/23/2021
HaNoi,25,25,11,15,9,6,18,9/24/2021
HaNoi,21,19,15,14,9,5,21,9/25/2021
HaNoi,34,27,14,19,9,7,34,9/26/2021
HaNoi,37,22,23,19,10,6,37,9/27/2021
HaNoi,56,36,27,22,11,7,56,9/28/2021
HaNoi,48,44,23,21,11,7,48,9/29/2021
HaNoi,37,37,20,21,11,8,20,9/30/2021
HaNoi,54,54,28,15,7,12,16,4/1/2021
HaNoi,44,44,34,15,8,11,16,4/2/2021
HaNoi,53,53,43,16,8,11,16,4/3/2021
HaNoi,66,66,41,16,8,14,9,4/4/2021
HaNoi,63,63,44,16,8,10,22,4/5/2021
HaNoi,70,70,31,16,7,9,20,4/6/2021
HaNoi,44,44,32,15,8,10,18,4/7/2021
HaNoi,44,44,30,15,8,7,10,4/8/2021
HaNoi,46,46,43,14,8,9,9,4/9/2021
HaNoi,77,77,44,15,8,10,13,4/10/2021
HaNoi,78,78,28,14,8,5,16,4/11/2021
HaNoi,37,37,23,15,8,7,18,4/12/2021
HaNoi,33,33,24,14,8,7,18,4/13/2021
HaNoi,33,33,24,14,8,8,21,4/14/2021
HaNoi,35,35,26,14,8,8,21,4/15/2021
HaNoi,36,36,20,14,7,6,18,4/16/2021
HaNoi,35,33,35,15,9,9,9,4/17/2021
HaNoi,57,57,27,15,8,8,16,4/18/2021
HaNoi,41,41,21,14,8,5,22,4/19/2021
HaNoi,28,28,22,13,7,4,24,4/20/2021
HaNoi,29,29,24,14,8,6,25,4/21/2021
HaNoi,31,31,23,14,8,6,24,4/22/2021
HaNoi,32,32,27,14,8,5,24,4/23/2021
HaNoi,39,39,32,15,8,9,26,4/24/2021
HaNoi,54,54,27,16,8,9,22,4/25/2021
HaNoi,48,48,22,16,10,9,10,4/26/2021
HaNoi,32,32,22,15,9,6,16,4/27/2021
HaNoi,38,36,15,16,9,5,38,4/28/2021
HaNoi,37,19,37,16,9,5,30,4/29/2021
HaNoi,25,24,18,16,8,7,25,5/4/2021
HaNoi,30,29,30,16,8,7,24,5/5/2021
HaNoi,40,40,27,15,8,6,22,5/6/2021
HaNoi,39,39,25,14,8,5,21,5/7/2021
HaNoi,33,33,20,14,8,4,23,5/8/2021
HaNoi,28,28,23,14,8,4,25,5/9/2021
HaNoi,34,34,25,15,8,7,32,5/10/2021
HaNoi,36,36,23,15,8,6,25,5/11/2021
HaNoi,32,32,23,15,8,5,26,5/12/2021
HaNoi,36,36,16,15,8,4,24,5/13/2021
HaNoi,25,24,17,13,8,3,25,5/14/2021
HaNoi,31,24,20,13,8,4,31,5/15/2021
HaNoi,31,29,16,13,8,4,31,5/16/2021
HaNoi,30,22,14,13,8,4,30,5/17/2021
HaNoi,24,18,19,14,8,5,24,5/18/2021
HaNoi,29,24,19,15,8,6,29,5/19/2021
HaNoi,27,24,19,14,8,5,27,5/20/2021
HaNoi,33,26,17,13,9,4,33,5/21/2021
HaNoi,40,24,16,13,9,4,40,5/22/2021
HaNoi,35,22,9,16,9,4,35,5/23/2021
HaNoi,15,14,8,14,9,5,15,5/24/2021
HaNoi,24,7,8,14,9,6,24,5/25/2021
HaNoi,25,7,8,14,9,6,25,5/26/2021
HaNoi,24,7,7,15,9,6,24,5/27/2021
HaNoi,32,7,7,14,9,5,32,5/29/2021
HaNoi,29,8,19,16,9,6,29,5/30/2021
HaNoi,25,20,22,15,9,6,25,5/31/2021
HaNoi,32,24,25,15,9,6,32,6/1/2021
HaNoi,31,31,25,14,9,6,30,6/2/2021
HaNoi,32,32,19,15,10,3,22,6/3/2021
HaNoi,35,23,31,16,12,6,35,6/4/2021
HaNoi,49,44,49,16,10,7,27,6/5/2021
HaNoi,84,84,24,17,10,7,24,6/6/2021
HaNoi,38,38,18,17,10,7,24,6/7/2021
HaNoi,30,30,16,18,9,7,23,6/8/2021
HaNoi,26,26,16,17,10,10,25,6/9/2021
HaNoi,25,23,17,18,9,9,25,6/10/2021
HaNoi,22,22,16,15,10,4,22,6/11/2021
HaNoi,25,25,7,14,10,4,22,6/12/2021
HaNoi,23,10,11,15,10,5,23,6/13/2021
HaNoi,23,13,16,16,10,7,23,6/14/2021
HaNoi,24,16,16,16,8,7,24,6/15/2021
HaNoi,29,19,9,16,5,7,29,6/16/2021
HaNoi,31,7,15,16,7,6,31,6/17/2021
HaNoi,26,13,14,15,7,5,26,6/18/2021
HaNoi,22,13,19,14,7,5,22,6/19/2021
HaNoi,27,16,23,14,7,6,27,6/20/2021
HaNoi,29,21,25,14,7,5,29,6/21/2021
HaNoi,32,32,14,13,7,6,24,6/22/2021
HaNoi,23,18,20,14,7,10,23,6/23/2021
HaNoi,27,27,22,13,7,10,21,6/24/2021
HaNoi,27,27,16,11,8,7,23,6/25/2021
HaNoi,22,18,14,11,7,5,22,6/26/2021
HaNoi,22,16,16,11,7,6,22,6/27/2021
HaNoi,20,12,17,11,8,7,20,6/28/2021
HaNoi,21,14,16,11,8,6,21,6/29/2021
HaNoi,20,14,17,11,7,5,20,6/30/2021
HaNoi,138,138,72,27,7,14,12,1/4/2021
HaNoi,154,154,57,16,4,10,15,1/5/2021
HaNoi,125,125,49,15,4,10,7,1/6/2021
HaNoi,106,106,14,8,2,8,11,1/7/2021
HaNoi,29,29,22,11,4,6,12,1/8/2021
HaNoi,43,43,26,13,4,6,13,1/9/2021
HaNoi,52,52,32,14,4,7,17,1/10/2021
HaNoi,62,62,31,22,5,12,22,1/11/2021
HaNoi,60,60,50,28,10,14,17,1/12/2021
HaNoi,103,103,57,31,13,12,23,1/13/2021
HaNoi,122,122,62,30,6,17,4,1/14/2021
HaNoi,138,138,60,25,10,15,4,1/15/2021
HaNoi,135,135,47,13,4,8,12,1/16/2021
HaNoi,100,100,36,18,4,10,23,1/17/2021
HaNoi,73,73,42,27,7,13,16,1/18/2021
HaNoi,87,87,48,27,8,15,8,1/19/2021
HaNoi,100,100,68,15,4,18,4,1/20/2021
HaNoi,141,141,63,24,4,17,9,1/21/2021
HaNoi,133,133,63,17,4,14,6,1/22/2021
HaNoi,133,133,49,20,4,11,14,1/23/2021
HaNoi,102,102,35,25,3,14,7,1/24/2021
HaNoi,60,60,28,20,2,12,8,1/25/2021
HaNoi,39,39,24,23,3,12,10,1/26/2021
HaNoi,32,32,25,18,3,11,5,1/27/2021
HaNoi,37,37,36,18,5,10,2,1/28/2021
HaNoi,61,61,55,37,6,21,2,1/29/2021
HaNoi,101,101,51,23,8,15,3,1/30/2021
HaNoi,95,95,40,22,7,12,3,1/31/2021
HaNoi,57,57,36,26,9,12,7,2/1/2021
HaNoi,53,53,38,32,9,10,17,2/2/2021
HaNoi,55,55,41,37,9,13,15,2/3/2021
HaNoi,65,65,40,38,9,12,12,2/4/2021
HaNoi,62,62,39,35,9,10,18,2/5/2021
HaNoi,62,62,38,34,10,10,15,2/6/2021
HaNoi,62,62,37,25,9,8,19,2/7/2021
HaNoi,65,65,13,18,6,6,23,2/8/2021
HaNoi,33,26,33,24,9,10,25,2/9/2021
HaNoi,61,61,25,22,8,7,35,2/10/2021
HaNoi,46,46,25,21,8,6,30,2/11/2021
HaNoi,47,47,23,22,8,6,35,2/12/2021
HaNoi,43,43,21,25,8,6,28,2/13/2021
HaNoi,38,38,25,24,8,7,19,2/14/2021
HaNoi,48,48,28,24,8,7,16,2/15/2021
HaNoi,53,53,25,20,8,7,17,2/16/2021
HaNoi,46,46,33,13,10,9,16,2/17/2021
HaNoi,60,60,42,13,11,13,24,2/18/2021
HaNoi,77,77,37,11,11,8,34,2/19/2021
HaNoi,70,70,29,10,10,6,35,2/20/2021
HaNoi,52,52,23,10,8,8,17,2/21/2021
HaNoi,42,42,23,8,7,10,16,2/22/2021
HaNoi,43,43,19,1,6,5,21,2/23/2021
HaNoi,32,32,21,1,6,6,12,2/24/2021
HaNoi,34,34,20,2,6,10,8,2/25/2021
HaNoi,33,33,26,1,6,7,7,2/26/2021
HaNoi,47,47,26,2,7,10,5,2/27/2021
HaNoi,51,51,23,6,7,15,6,2/28/2021
HaNoi,44,44,22,16,7,10,7,3/1/2021
HaNoi,36,35,36,16,7,12,7,3/2/2021
HaNoi,65,65,30,15,7,13,7,3/3/2021
HaNoi,59,59,19,16,7,16,6,3/4/2021
HaNoi,37,37,20,16,7,11,12,3/5/2021
HaNoi,38,38,20,16,7,9,14,3/6/2021
HaNoi,37,37,20,16,7,13,13,3/7/2021
HaNoi,39,39,10,15,7,7,8,3/8/2021
HaNoi,21,21,10,15,7,6,12,3/9/2021
HaNoi,20,20,11,15,7,8,10,3/10/2021
HaNoi,22,22,11,16,7,8,12,3/11/2021
HaNoi,20,20,12,16,7,11,10,3/12/2021
HaNoi,24,24,12,16,7,8,16,3/13/2021
HaNoi,24,24,8,15,7,6,15,3/14/2021
HaNoi,16,16,9,15,7,10,12,3/15/2021
HaNoi,17,17,8,15,7,8,11,3/16/2021
HaNoi,16,16,7,15,7,11,10,3/17/2021
HaNoi,15,15,5,14,7,8,10,3/18/2021
HaNoi,14,10,3,14,7,9,11,3/19/2021
HaNoi,16,7,3,14,7,5,16,3/20/2021
HaNoi,33,5,33,15,7,6,19,3/21/2021
HaNoi,61,51,61,17,9,8,24,3/22/2021
HaNoi,81,81,63,18,11,12,9,3/23/2021
HaNoi,101,101,58,18,8,17,11,3/24/2021
HaNoi,113,113,34,16,7,10,9,3/25/2021
HaNoi,59,59,22,15,7,8,9,3/26/2021
HaNoi,38,38,25,15,7,10,7,3/27/2021
HaNoi,42,42,39,15,7,11,11,3/28/2021
HaNoi,63,63,43,16,7,14,14,3/29/2021
HaNoi,67,67,49,16,7,13,13,3/30/2021
HaNoi,74,74,37,15,7,12,15,3/31/2021
